Country_Name,Country_Code,Time,Time_Code,CO2_emissions_metric_tons_per_capita_,GDP_per_capita_current_US_dollar_,Gini_index_World_Bank_estimate_,Aquaculture_production_metric_tons_,Total_greenhouse_gas_emissions_kt_of_CO2_equivalent_,PM2.5_air_pollution_population_exposed_to_levels_exceeding_WHO_guideline_value_percent_of_total_,Methane_emissions_kt_of_CO2_equivalent_,Access_to_electricity_percent_of_population_,Renewable_energy_consumption_percent_of_total_final_energy_consumption_,Agricultural_land_percent_of_land_area_,Arable_land_percent_of_land_area_,Forest_area_percent_of_land_area_,Population_total_,Life_expectancy_at_birth_total_years_,Fertility_rate_total_births_per_woman_
Afghanistan,AFG,2011,YR2011,0.406424217,591.162759,NA,2850,17981.30729,100,13628.233,43.22201891,11.48270623,58.06757957,11.9336458,1.850994088,30117413,61.553,5.77
Afghanistan,AFG,2012,YR2012,0.345148783,641.8714792,NA,3480,18168.86,100,13763.166,69.1,13.97358569,58.06757957,11.93211408,1.850994088,31161376,62.054,5.562
Afghanistan,AFG,2013,YR2013,0.280454641,637.1655232,NA,4110,NA,100,NA,68.98294067,16.33429251,58.06757957,11.92445547,1.850994088,32269589,62.525,5.359
Afghanistan,AFG,2014,YR2014,0.253727945,613.8566892,NA,4760,NA,100,NA,89.5,19.31426861,58.06757957,11.90301137,1.850994088,33370794,62.966,5.163
Afghanistan,AFG,2015,YR2015,0.262555711,578.4663529,NA,5450,NA,100,NA,71.5,18.42347717,58.06757957,11.89382103,1.850994088,34413603,63.377,4.976
Afghanistan,AFG,2016,YR2016,0.245101422,509.2186613,NA,6150,NA,100,NA,97.7,NA,58.06757957,11.83867904,1.850994088,35383128,63.763,4.8
Afghanistan,AFG,2017,YR2017,NA,519.8847731,NA,7000,NA,100,NA,97.7,NA,58.06757957,11.79272738,1.850994088,36296400,64.13,4.633
Afghanistan,AFG,2018,YR2018,NA,493.7504181,NA,7950,NA,NA,NA,98.71562195,NA,58.08136507,11.79885427,1.850994088,37172386,64.486,4.473
Afghanistan,AFG,2019,YR2019,NA,507.1034319,NA,NA,NA,NA,NA,97.7,NA,NA,NA,NA,38041754,64.833,4.321
Afghanistan,AFG,2020,YR2020,NA,NA,NA,NA,NA,NA,NA,NA,NA,NA,NA,NA,NA,NA,NA
Burkina-Faso,BFA,2011,YR2011,0.136812099,751.1729572,NA,300,43660.15021,100,14810.539,14.89940453,80.5721976,43.09210526,20.83333333,24.36578947,16081911,57.761,5.781
Burkina-Faso,BFA,2012,YR2012,0.162867174,758.0007014,NA,302,43910.40239,100,14957.178,15.16293812,77.17503674,44.2251462,21.92982456,24.18296784,16571246,58.374,5.693
Burkina-Faso,BFA,2013,YR2013,0.171614339,787.4701763,NA,320,NA,100,NA,15.40517426,75.42696802,44.95614035,22.66081871,24.0001462,17072775,58.937,5.606
Burkina-Faso,BFA,2014,YR2014,0.168273976,792.8467784,35.3,301,NA,100,NA,19.2,75.24264911,44.2251462,21.92982456,23.81732456,17586017,59.45,5.521
Burkina-Faso,BFA,2015,YR2015,0.183849877,653.3269795,NA,280,NA,100,NA,16.07070351,74.16718786,44.2251462,21.92982456,23.63450292,18110624,59.919,5.436
Burkina-Faso,BFA,2016,YR2016,0.183287285,688.2496628,NA,440,NA,100,NA,16.6396122,NA,44.2251462,21.92982456,23.45175439,18646378,60.354,5.353
Burkina-Faso,BFA,2017,YR2017,NA,734.9944298,NA,512,NA,100,NA,17.21655655,NA,44.2251462,21.92982456,23.26900585,19193284,60.768,5.271
Burkina-Faso,BFA,2018,YR2018,NA,813.096849,NA,548,NA,NA,NA,14.4,NA,44.2251462,21.92982456,23.08625731,19751535,61.174,5.189
Burkina-Faso,BFA,2019,YR2019,NA,786.8956313,NA,NA,NA,NA,NA,18.3791523,NA,NA,NA,NA,20321378,61.577,5.109
Burkina-Faso,BFA,2020,YR2020,NA,NA,NA,NA,NA,NA,NA,NA,NA,NA,NA,NA,NA,NA,NA
Burundi,BDI,2011,YR2011,0.047483001,249.5779794,NA,61.70000076,6151.995536,100,2692.2055,6.106936455,96.59420681,73.32554517,38.94080997,8.219626168,8958406,57.925,6.088
Burundi,BDI,2012,YR2012,0.042040072,252.3589799,NA,160.3999939,6254.371024,100,2718.861,6.5,93.9586937,75.27258567,42.83489097,8.887071651,9245988,58.568,5.994
Burundi,BDI,2013,YR2013,0.04304943,256.9760028,38.6,385,NA,100,NA,6.9,94.06924338,79.16666667,46.72897196,9.554517134,9540289,59.148,5.897
Burundi,BDI,2014,YR2014,0.039112493,274.8579479,NA,805,NA,100,NA,7,94.59818282,79.16666667,46.72897196,10.22196262,9844297,59.665,5.797
Burundi,BDI,2015,YR2015,0.039701654,305.5497728,NA,1326,NA,100,NA,8.403089523,95.67892425,79.16666667,46.72897196,10.8894081,10160030,60.123,5.697
Burundi,BDI,2016,YR2016,0.047201096,282.1931304,NA,1400,NA,100,NA,9.251799583,NA,79.16666667,46.72897196,10.8894081,10487998,60.528,5.599
Burundi,BDI,2017,YR2017,NA,292.9976307,NA,1470,NA,100,NA,9.3,NA,79.16666667,46.72897196,10.8894081,10827024,60.898,5.502
Burundi,BDI,2018,YR2018,NA,271.7520444,NA,1550,NA,NA,NA,10.59861469,NA,79.16666667,46.72897196,10.8894081,11175378,61.247,5.41
Burundi,BDI,2019,YR2019,NA,261.2474725,NA,NA,NA,NA,NA,11.0647974,NA,NA,NA,NA,11530580,61.584,5.321
Burundi,BDI,2020,YR2020,NA,NA,NA,NA,NA,NA,NA,NA,NA,NA,NA,NA,NA,NA,NA
Central-African-Republic,CAF,2011,YR2011,0.063071953,551.7500966,NA,170,513289.5157,100,84836.869,10.3107233,78.76716705,8.154354875,2.889338342,36.23390799,4418636,47.95,5.172
Central-African-Republic,CAF,2012,YR2012,0.066125464,565.800697,NA,182,515134.0786,100,85676.838,10.89428234,78.02788666,8.154354875,2.889338342,36.18575235,4436415,48.638,5.123
Central-African-Republic,CAF,2013,YR2013,0.064305245,380.2981676,NA,180,NA,100,NA,11.45654297,77.07997749,8.154354875,2.889338342,36.13759671,4447942,49.371,5.068
Central-African-Republic,CAF,2014,YR2014,0.064892841,424.4487513,NA,180,NA,100,NA,12.05214119,76.90304119,8.154354875,2.889338342,36.08944107,4464175,50.129,5.007
Central-African-Republic,CAF,2015,YR2015,0.065290207,377.4230017,NA,180,NA,100,NA,12.74572849,76.56702001,8.154354875,2.889338342,36.04128543,4493170,50.881,4.941
Central-African-Republic,CAF,2016,YR2016,0.065457798,402.1912906,NA,190,NA,100,NA,13.49867058,NA,8.154354875,2.889338342,35.9931298,4537687,51.593,4.87
Central-African-Republic,CAF,2017,YR2017,NA,450.900245,NA,190,NA,100,NA,14.16905403,NA,8.154354875,2.889338342,35.94497416,4596028,52.24,4.796
Central-African-Republic,CAF,2018,YR2018,NA,475.9536099,NA,190,NA,NA,NA,14.6539526,NA,8.154354875,2.889338342,35.89681852,4666377,52.805,4.721
Central-African-Republic,CAF,2019,YR2019,NA,467.9074406,NA,NA,NA,NA,NA,14.3,NA,NA,NA,NA,4745185,53.283,4.645
Central-African-Republic,CAF,2020,YR2020,NA,NA,NA,NA,NA,NA,NA,NA,NA,NA,NA,NA,NA,NA,NA
Chad,TCD,2011,YR2011,0.066451641,984.7358915,43.3,30,109463.6387,100,18183.838,8.98,90.59736654,39.17963787,3.414866582,4.290025413,12360989,51.424,6.482
Chad,TCD,2012,YR2012,0.071993351,967.3527975,NA,30,109796.02,100,18363.876,7.859260082,90.65051141,39.45759212,3.692820839,4.188373571,12784750,51.928,6.372
Chad,TCD,2013,YR2013,0.072949324,979.8124096,NA,60,NA,100,NA,8.115847588,89.4572677,39.73634053,3.970775095,4.086721728,13220424,52.386,6.262
Chad,TCD,2014,YR2014,0.073267221,1020.288204,NA,60,NA,100,NA,8.405773163,89.2400627,39.89517154,4.129606099,3.985069886,13663559,52.789,6.154
Chad,TCD,2015,YR2015,0.070944141,776.0195323,NA,154,NA,100,NA,7.7,89.35739557,39.89596569,4.129606099,3.883418043,14110975,53.137,6.049
Chad,TCD,2016,YR2016,0.069755686,693.4493865,NA,94,NA,100,NA,9.240955353,NA,39.89675985,4.129606099,3.787325286,14561666,53.438,5.947
Chad,TCD,2017,YR2017,NA,665.9483527,NA,450,NA,100,NA,10.9,NA,39.89675985,4.129606099,3.693614994,15016773,53.712,5.846
Chad,TCD,2018,YR2018,NA,726.1498811,NA,450,NA,NA,NA,10.12151718,NA,39.89675985,4.129606099,3.601493011,15477751,53.977,5.747
Chad,TCD,2019,YR2019,NA,709.5403101,NA,NA,NA,NA,NA,8.4,NA,NA,NA,NA,15946876,54.239,5.649
Chad,TCD,2020,YR2020,NA,NA,NA,NA,NA,NA,NA,NA,NA,NA,NA,NA,NA,NA,NA
Congo-Dem-Rep,COD,2011,YR2011,0.03735382,387.0824654,NA,2970,800756.9416,100,74597.489,13.53587914,96.24517537,11.55686906,3.087713107,60.01968373,66755153,57.427,6.493
Congo-Dem-Rep,COD,2012,YR2012,0.034852593,424.6003861,42.1,2869,802271.3028,100,75336.078,15.4,95.52836866,13.57535123,5.062085089,59.53386471,69020747,57.914,6.432
Congo-Dem-Rep,COD,2013,YR2013,0.050309039,457.9637283,NA,2869,NA,100,NA,14.94590092,94.01274826,13.8505988,5.249112282,59.0480457,71358807,58.381,6.363
Congo-Dem-Rep,COD,2014,YR2014,0.063330889,486.7870819,NA,2871,NA,100,NA,13.5,92.87131108,14.15937011,5.469663219,58.56222668,73767447,58.828,6.287
Congo-Dem-Rep,COD,2015,YR2015,0.037225719,497.3169608,NA,2956.5,NA,100,NA,16.43629265,95.81769971,14.20348029,5.513773406,58.07640767,76244544,59.254,6.203
Congo-Dem-Rep,COD,2016,YR2016,0.025644617,471.3188404,NA,3161,NA,100,NA,17.20158195,NA,14.11525992,5.425553031,57.59058689,78789127,59.655,6.112
Congo-Dem-Rep,COD,2017,YR2017,NA,467.0742375,NA,3200,NA,100,NA,18.0063858,NA,13.89470898,5.205002095,57.10477052,81398764,60.026,6.017
Congo-Dem-Rep,COD,2018,YR2018,NA,557.0644183,NA,3200,NA,NA,NA,18.75225258,NA,13.89470898,5.205002095,56.61894974,84068091,60.368,5.919
Congo-Dem-Rep,COD,2019,YR2019,NA,580.7168672,NA,NA,NA,NA,NA,19.1,NA,NA,NA,NA,86790567,60.681,5.819
Congo-Dem-Rep,COD,2020,YR2020,NA,NA,NA,NA,NA,NA,NA,NA,NA,NA,NA,NA,NA,NA,NA
Eritrea,ERI,2011,YR2011,0.180271017,642.5076591,NA,0,4912.880173,100,2865.37,40.96271896,80.75144845,75.16831683,6.831683168,10.72970297,3213972,62.732,4.486
Eritrea,ERI,2012,YR2012,0.198576105,NA,NA,0,4977.888033,100,2893.74,42.0842514,80.22989797,75.16831683,6.831683168,10.69841584,NA,63.238,4.407
Eritrea,ERI,2013,YR2013,0.198913895,NA,NA,0,NA,100,NA,43.22989655,80.23314394,75.16831683,6.831683168,10.66712871,NA,63.726,4.335
Eritrea,ERI,2014,YR2014,0.214829822,NA,NA,0,NA,100,NA,44.3956337,79.9301497,75.16831683,6.831683168,10.63584158,NA,64.201,4.273
Eritrea,ERI,2015,YR2015,0.207328966,NA,NA,0,NA,100,NA,45.57744598,79.7674723,75.16831683,6.831683168,10.60455446,NA,64.664,4.217
Eritrea,ERI,2016,YR2016,0.210687333,NA,NA,0,NA,100,NA,46.77131271,NA,75.16831683,6.831683168,10.57326733,NA,65.111,4.164
Eritrea,ERI,2017,YR2017,NA,NA,NA,0,NA,100,NA,47.9732132,NA,75.16831683,6.831683168,10.5419802,NA,65.538,4.112
Eritrea,ERI,2018,YR2018,NA,NA,NA,0,NA,NA,NA,49.17913818,NA,75.16831683,6.831683168,10.51069307,NA,65.941,4.056
Eritrea,ERI,2019,YR2019,NA,NA,NA,NA,NA,NA,NA,50.38573074,NA,NA,NA,NA,NA,66.321,3.997
Eritrea,ERI,2020,YR2020,NA,NA,NA,NA,NA,NA,NA,NA,NA,NA,NA,NA,NA,NA,NA
Ethiopia,ETH,2011,YR2011,0.079165607,354.4795758,NA,25,184045.8761,100,63848.867,23,94.01290641,32.16873877,13.45473891,15.69728395,90139927,62.505,5.017
Ethiopia,ETH,2012,YR2012,0.091865839,467.0779272,NA,38,185292.1681,100,64481.034,35.20266342,93.75025898,32.31287375,13.59003948,15.63261905,92726971,63.281,4.901
Ethiopia,ETH,2013,YR2013,0.109142185,499.5315721,NA,45.29999924,NA,100,NA,36.16123581,93.00085661,32.49964369,13.70069995,15.56793063,95385785,63.961,4.787
Ethiopia,ETH,2014,YR2014,0.126763767,566.9264665,NA,85.5,NA,100,NA,27.2,92.06765188,32.68613299,13.81124167,15.50310992,98094253,64.547,4.675
Ethiopia,ETH,2015,YR2015,0.136045864,640.5418913,35,90.5,NA,100,NA,29,92.16346114,32.87159334,13.92134692,15.43780939,100835458,65.048,4.565
Ethiopia,ETH,2016,YR2016,0.143524928,717.1245929,NA,95,NA,100,NA,42.9,NA,33.0575281,14.03165087,15.37274233,103603501,65.482,4.456
Ethiopia,ETH,2017,YR2017,NA,768.5223076,NA,126,NA,100,NA,44.3,NA,33.24250853,14.14104563,15.30842662,106400024,65.872,4.35
Ethiopia,ETH,2018,YR2018,NA,771.5238139,NA,165,NA,NA,NA,45.05340195,NA,33.56325769,14.33365307,15.24350842,109224559,66.24,4.247
Ethiopia,ETH,2019,YR2019,NA,855.7608623,NA,NA,NA,NA,NA,48.2716217,NA,NA,NA,NA,112078730,66.597,4.146
Ethiopia,ETH,2020,YR2020,NA,NA,NA,NA,NA,NA,NA,NA,NA,NA,NA,NA,NA,NA,NA
Gambia-The,GMB,2011,YR2011,0.242066243,762.7610541,NA,33,3505.924459,100,1029.089,48.81459427,54.15786592,60.77075099,44.46640316,29.07786561,1848147,59.917,5.552
Gambia-The,GMB,2012,YR2012,0.238690485,742.7811378,NA,33,3529.23153,100,1039.278,50.1972847,54.21838668,59.7826087,43.47826087,28.51146245,1905011,60.178,5.518
Gambia-The,GMB,2013,YR2013,0.220351162,700.514972,NA,33,NA,100,NA,51.5,56.64222686,59.7826087,43.47826087,27.94505929,1963711,60.426,5.48
Gambia-The,GMB,2014,YR2014,0.253640982,607.4284041,NA,35,NA,100,NA,52.95340729,51.93079476,59.7826087,43.47826087,27.37865613,2024042,60.667,5.437
Gambia-The,GMB,2015,YR2015,0.251397985,660.7235712,35.9,35,NA,100,NA,54.44612503,51.50886249,59.7826087,43.47826087,26.81225296,2085860,60.91,5.39
Gambia-The,GMB,2016,YR2016,0.247408381,690.778886,NA,35,NA,100,NA,55.99819565,NA,59.7826087,43.47826087,26.24505929,2149139,61.166,5.338
Gambia-The,GMB,2017,YR2017,NA,679.756914,NA,35,NA,100,NA,56.2,NA,59.7826087,43.47826087,25.67885375,2213894,61.44,5.281
Gambia-The,GMB,2018,YR2018,NA,732.7175138,NA,35,NA,NA,NA,60.3,NA,59.7826087,43.47826087,25.11264822,2280102,61.735,5.219
Gambia-The,GMB,2019,YR2019,NA,777.8119321,NA,NA,NA,NA,NA,59.92128754,NA,NA,NA,NA,2347706,62.05,5.154
Gambia-The,GMB,2020,YR2020,NA,NA,NA,NA,NA,NA,NA,NA,NA,NA,NA,NA,NA,NA,NA
Guinea,GIN,2011,YR2011,0.266742837,651.1353635,NA,187.1999969,100814.3921,100,28372.819,28.80760193,74.74868466,58.19632102,11.80205112,26.58717239,10420471,57.387,5.256
Guinea,GIN,2012,YR2012,0.242354579,717.0507379,33.7,292.5,101348.9883,100,28653.738,26.2,76.36784822,58.6032883,12.20901839,26.44066417,10652029,57.905,5.175
Guinea,GIN,2013,YR2013,0.211075838,769.0039433,NA,322.7999878,NA,100,NA,31.36256409,78.53290664,59.01025558,12.61598567,26.29415595,10892810,58.447,5.094
Guinea,GIN,2014,YR2014,0.213752571,787.2380702,NA,351,NA,100,NA,32.67219543,78.51787531,59.01025558,12.61598567,26.14764773,11150977,59.016,5.013
Guinea,GIN,2015,YR2015,0.236402921,769.2560137,NA,409,NA,100,NA,33.9978981,76.26839132,59.01025558,12.61598567,26.00113951,11432088,59.598,4.933
Guinea,GIN,2016,YR2016,0.255224608,732.2910752,NA,477.7999878,NA,100,NA,33.5,NA,59.01025558,12.61598567,25.8383526,11738441,60.17,4.854
Guinea,GIN,2017,YR2017,NA,855.5736399,NA,572.9000244,NA,100,NA,35.4,NA,59.01025558,12.61598567,25.67556568,12067539,60.706,4.777
Guinea,GIN,2018,YR2018,NA,878.5996133,NA,686.5999756,NA,NA,NA,44,NA,59.01025558,12.61598567,25.51277877,12414318,61.185,4.7
Guinea,GIN,2019,YR2019,NA,962.8399086,NA,NA,NA,NA,NA,42.41838837,NA,NA,NA,NA,12771246,61.602,4.625
Guinea,GIN,2020,YR2020,NA,NA,NA,NA,NA,NA,NA,NA,NA,NA,NA,NA,NA,NA,NA
Guinea-Bissau,GNB,2011,YR2011,0.157191765,703.6637187,NA,0,7571.176845,100,1406.7482,13.37971306,87.71512515,26.88527738,10.6685633,73.11472262,1562989,55.144,4.987
Guinea-Bissau,GNB,2012,YR2012,0.157648792,616.3764321,NA,0,7604.734497,100,1420.6764,14.7781086,87.60635625,27.18556188,10.6685633,72.81443812,1604979,55.645,4.923
Guinea-Bissau,GNB,2013,YR2013,0.155734209,634.6628092,NA,0,NA,100,NA,16.20061493,87.42242388,27.48584637,10.6685633,72.51415363,1648257,56.117,4.855
Guinea-Bissau,GNB,2014,YR2014,0.160335469,623.3108816,NA,0,NA,100,NA,17.2,87.06001713,27.78613087,10.6685633,72.21386913,1692439,56.556,4.783
Guinea-Bissau,GNB,2015,YR2015,0.160425788,603.4011182,NA,0,NA,100,NA,20.14110756,86.85179394,28.08641536,10.6685633,71.91358464,1737202,56.959,4.708
Guinea-Bissau,GNB,2016,YR2016,0.164583657,661.4567254,NA,10,NA,100,NA,23.04921532,NA,28.38655761,10.6685633,71.61344239,1782437,57.328,4.631
Guinea-Bissau,GNB,2017,YR2017,NA,738.5499449,NA,35,NA,100,NA,26,NA,28.68669986,10.6685633,71.31330014,1828146,57.673,4.553
Guinea-Bissau,GNB,2018,YR2018,NA,778.3499102,NA,40,NA,NA,NA,28.51482964,NA,28.98684211,10.6685633,71.01315789,1874309,58.003,4.476
Guinea-Bissau,GNB,2019,YR2019,NA,697.2949269,NA,NA,NA,NA,NA,31.0404129,NA,NA,NA,NA,1920922,58.322,4.402
Guinea-Bissau,GNB,2020,YR2020,NA,NA,NA,NA,NA,NA,NA,NA,NA,NA,NA,NA,NA,NA,NA
Haiti,HTI,2011,YR2011,0.207306006,1287.954058,NA,600,8695.42578,100,4542.2427,37.59311676,79.00636972,66.40058055,38.46153846,13.61661829,10100320,60.879,3.356
Haiti,HTI,2012,YR2012,0.214634184,1337.335431,41.1,720,8835.466908,100,4587.2154,37.9,83.16109801,64.22351234,36.28447025,13.50391872,10250930,61.26,3.288
Haiti,HTI,2013,YR2013,0.22176863,1393.955951,NA,800,NA,100,NA,38.71000671,82.33475811,66.76342525,38.82438316,13.39121916,10400673,61.658,3.223
Haiti,HTI,2014,YR2014,0.266273568,1402.100156,NA,1010,NA,100,NA,39.4816246,78.39123834,66.76342525,38.82438316,13.27851959,10549008,62.069,3.159
Haiti,HTI,2015,YR2015,0.2742825,1389.11952,NA,1220,NA,100,NA,40.75870895,76.07221323,66.76342525,38.82438316,13.16582003,10695542,62.485,3.098
Haiti,HTI,2016,YR2016,0.274687476,1265.987633,NA,1290,NA,100,NA,40.4,NA,66.76342525,38.82438316,13.05297533,10839970,62.896,3.041
Haiti,HTI,2017,YR2017,NA,1294.239746,NA,1400,NA,100,NA,43.34903336,NA,66.76342525,38.82438316,12.94013062,10982366,63.29,2.986
Haiti,HTI,2018,YR2018,NA,1435.351756,NA,1400,NA,NA,NA,44.41743088,NA,66.76342525,38.82438316,12.82728592,11123176,63.66,2.935
Haiti,HTI,2019,YR2019,NA,1272.490925,NA,NA,NA,NA,NA,45.37134552,NA,NA,NA,NA,11263077,64.001,2.887
Haiti,HTI,2020,YR2020,NA,NA,NA,NA,NA,NA,NA,NA,NA,NA,NA,NA,NA,NA,NA
Korea-Dem-People's-Rep,PRK,2011,YR2011,1.499146915,NA,NA,509800,107165.3189,100,18797.312,31.45312309,18.08156736,21.8420397,19.51665144,51.66647288,24673385,70.012,1.934
Korea-Dem-People's-Rep,PRK,2012,YR2012,1.547494957,NA,NA,510610,109894.965,100,18983.424,33.63673401,17.69173903,21.8420397,19.51665144,51.49015862,24800612,70.454,1.931
Korea-Dem-People's-Rep,PRK,2013,YR2013,1.115274977,NA,NA,511675,NA,100,NA,35.84445572,23.80729426,21.8420397,19.51665144,51.31384437,24929452,70.853,1.929
Korea-Dem-People's-Rep,PRK,2014,YR2014,1.251077232,NA,NA,556545,NA,100,NA,38.07227325,21.03318699,21.8420397,19.51665144,51.13753011,25057752,71.198,1.926
Korea-Dem-People's-Rep,PRK,2015,YR2015,1.009509196,NA,NA,556750,NA,100,NA,40.31616211,23.12326149,21.8420397,19.51665144,50.96121585,25183833,71.481,1.922
Korea-Dem-People's-Rep,PRK,2016,YR2016,1.117585629,NA,NA,619750,NA,100,NA,42.57210541,NA,21.8420397,19.51665144,50.78490159,25307744,71.711,1.917
Korea-Dem-People's-Rep,PRK,2017,YR2017,NA,NA,NA,625060,NA,100,NA,44.83608627,NA,21.8420397,19.51665144,50.60858733,25429985,71.91,1.911
Korea-Dem-People's-Rep,PRK,2018,YR2018,NA,NA,NA,629060,NA,NA,NA,47.10408783,NA,21.8420397,19.51665144,50.43227307,25549819,72.095,1.904
Korea-Dem-People's-Rep,PRK,2019,YR2019,NA,NA,NA,NA,NA,NA,NA,49.37275696,NA,NA,NA,NA,25666161,72.274,1.896
Korea-Dem-People's-Rep,PRK,2020,YR2020,NA,NA,NA,NA,NA,NA,NA,NA,NA,NA,NA,NA,NA,NA,NA
Liberia,LBR,2011,YR2011,0.214500865,596.8970811,NA,90,2797.370822,100,1570.1359,4.1,87.36797439,18.08783223,5.1910299,81.91216777,4017443,60.146,4.881
Liberia,LBR,2012,YR2012,0.236743165,657.9362563,NA,100,2833.942779,100,1585.6818,9.128644943,85.17993645,18.40199336,5.1910299,81.59800664,4135659,60.663,4.793
Liberia,LBR,2013,YR2013,0.211474663,721.9300554,NA,130,NA,100,NA,9.8,86.98962649,18.71615449,5.1910299,81.28384551,4248334,61.186,4.706
Liberia,LBR,2014,YR2014,0.280944282,721.1827948,33.2,165,NA,100,NA,9.4,83.93553433,19.03031561,5.1910299,80.96968439,4359505,61.723,4.621
Liberia,LBR,2015,YR2015,0.277142723,710.3838577,NA,180,NA,100,NA,15.52771091,83.84704334,19.34447674,5.1910299,80.65552326,4472230,62.269,4.54
Liberia,LBR,2016,YR2016,0.302199709,714.6233922,35.3,200,NA,100,NA,17.7,NA,19.65863787,5.1910299,80.34136213,4586788,62.802,4.461
Liberia,LBR,2017,YR2017,NA,698.7017644,NA,220,NA,100,NA,24.2,NA,19.972799,5.1910299,80.027201,4702228,63.295,4.387
Liberia,LBR,2018,YR2018,NA,677.3221785,NA,240,NA,NA,NA,24.81807899,NA,20.28696013,5.1910299,79.71303987,4818977,63.73,4.315
Liberia,LBR,2019,YR2019,NA,621.8929536,NA,NA,NA,NA,NA,27.64920998,NA,NA,NA,NA,4937374,64.104,4.247
Liberia,LBR,2020,YR2020,NA,NA,NA,NA,NA,NA,NA,NA,NA,NA,NA,NA,NA,NA,NA
Madagascar,MDG,2011,YR2011,0.110462134,531.2655718,NA,10544,117586.2177,100,19872.962,14.3,78.84478146,70.29108191,5.156455453,21.56904408,21743967,63.836,4.52
Madagascar,MDG,2012,YR2012,0.123892669,518.1529543,42.6,9987.5,117932.5971,100,20069.724,18.7,76.39690018,70.29108191,5.156455453,21.54632474,22346641,64.28,4.442
Madagascar,MDG,2013,YR2013,0.138143811,541.0662,NA,12549,NA,100,NA,12.9,72.74314641,70.29047783,5.156411138,21.52342042,22961253,64.713,4.369
Madagascar,MDG,2014,YR2014,0.139903171,530.8613457,NA,15440,NA,100,NA,19.02375221,72.02652708,70.29047783,5.156411138,21.50070127,23589887,65.133,4.302
Madagascar,MDG,2015,YR2015,0.150407888,467.2353994,NA,22694.21094,NA,100,NA,20.5437088,70.17441591,70.29047783,5.156411138,21.47798212,24234088,65.539,4.241
Madagascar,MDG,2016,YR2016,0.156876974,475.9554172,NA,25998,NA,100,NA,22.9,NA,70.29047783,5.156411138,21.45527673,24894380,65.931,4.184
Madagascar,MDG,2017,YR2017,NA,515.2927249,NA,28335,NA,100,NA,24.1,NA,70.29047783,5.156411138,21.43255414,25570540,66.311,4.13
Madagascar,MDG,2018,YR2018,NA,527.5013261,NA,12758.05664,NA,NA,NA,25.51556015,NA,70.29047783,5.156411138,21.40983156,26262368,66.681,4.077
Madagascar,MDG,2019,YR2019,NA,523.3590645,NA,NA,NA,NA,NA,26.9071846,NA,NA,NA,NA,26969307,67.041,4.026
Madagascar,MDG,2020,YR2020,NA,NA,NA,NA,NA,NA,NA,NA,NA,NA,NA,NA,NA,NA,NA
Malawi,MWI,2011,YR2011,0.078182345,534.9512647,NA,2833,21525.76166,100,4583.9153,7.6,79.66270647,59.23843869,38.18413237,27.78638099,14962112,57.161,5.161
Malawi,MWI,2012,YR2012,0.075502639,391.5618324,NA,3232,21632.13209,100,4629.3006,7.4,80.37294685,59.23843869,38.18413237,27.34089945,15396005,58.629,4.988
Malawi,MWI,2013,YR2013,0.07501028,348.4302696,NA,3705,NA,100,NA,9,79.8747971,59.39753924,38.18413237,26.8954179,15839269,59.931,4.821
Malawi,MWI,2014,YR2014,0.064607656,371.2697496,NA,4741.560059,NA,100,NA,11.9,79.95087904,59.92787442,38.18413237,26.44993636,16289540,61.042,4.666
Malawi,MWI,2015,YR2015,0.068761849,380.5970331,NA,4974,NA,100,NA,10.8,83.6494337,59.92787442,38.18413237,26.00445482,16745303,61.953,4.527
Malawi,MWI,2016,YR2016,0.075448776,315.7773264,44.7,7646.390137,NA,100,NA,11,NA,59.92787442,38.18413237,25.55897327,17205289,62.681,4.407
Malawi,MWI,2017,YR2017,NA,356.7175732,NA,12216.7998,NA,100,NA,12.7,NA,59.92787442,38.18413237,25.11349173,17670260,63.279,4.302
Malawi,MWI,2018,YR2018,NA,381.2589876,NA,9014,NA,NA,NA,18.02,NA,59.92787442,38.18413237,24.66801018,18143315,63.798,4.209
Malawi,MWI,2019,YR2019,NA,411.5523404,NA,NA,NA,NA,NA,11.2,NA,NA,NA,NA,18628747,64.263,4.127
Malawi,MWI,2020,YR2020,NA,NA,NA,NA,NA,NA,NA,NA,NA,NA,NA,NA,NA,NA,NA
Mali,MLI,2011,YR2011,0.139214949,837.6034406,NA,2083,77134.18262,100,17864.678,28.66198921,66.6491335,34.13484785,5.622894795,10.89666363,15514591,55.701,6.474
Mali,MLI,2012,YR2012,0.143884924,778.6192858,NA,987,77437.93165,100,18041.556,25.6,64.92862094,34.13484785,5.622894795,10.89666363,15979499,56.135,6.396
Mali,MLI,2013,YR2013,0.164068955,805.0328382,NA,2205.25,NA,100,NA,32.25564575,62.40939748,33.76605283,5.254099771,10.89666363,16449864,56.578,6.315
Mali,MLI,2014,YR2014,0.176050093,848.2740537,NA,1953,NA,100,NA,34.08462143,64.59126071,33.76605283,5.254099771,10.89666363,16934220,57.036,6.231
Mali,MLI,2015,YR2015,0.18168062,751.4747889,NA,2400,NA,100,NA,37.6,61.52698472,33.76605283,5.254099771,10.89666363,17438778,57.509,6.145
Mali,MLI,2016,YR2016,0.176967052,780.7185985,NA,4194,NA,100,NA,38.86705399,NA,33.76605283,5.254099771,10.89666363,17965429,57.987,6.057
Mali,MLI,2017,YR2017,NA,830.0183674,NA,3914,NA,100,NA,34.78,NA,33.76605283,5.254099771,10.89666363,18512394,58.452,5.968
Mali,MLI,2018,YR2018,NA,894.8021869,NA,3926,NA,NA,NA,50.9,NA,33.76605283,5.254099771,10.89666363,19077690,58.893,5.877
Mali,MLI,2019,YR2019,NA,879.0080104,NA,NA,NA,NA,NA,48.02124786,NA,NA,NA,NA,19658031,59.306,5.785
Mali,MLI,2020,YR2020,NA,NA,NA,NA,NA,NA,NA,NA,NA,NA,NA,NA,NA,NA,NA
Mozambique,MOZ,2011,YR2011,0.133262831,594.5864667,NA,796,380073.2378,100,9870.0432,20.2,90.45771948,50.7035886,7.184821588,49.2964114,24187487,53.043,5.329
Mozambique,MOZ,2012,YR2012,0.125514265,657.6453378,NA,604,380308.2925,100,9967.7664,21.23671913,90.82147005,50.96609273,7.184821588,49.03390727,24862648,53.931,5.264
Mozambique,MOZ,2013,YR2013,0.164407778,664.0782118,NA,721,NA,100,NA,22.40603065,90.31607107,51.22859686,7.184821588,48.77140314,25560725,54.949,5.198
Mozambique,MOZ,2014,YR2014,0.320857023,673.9699555,54,1179,NA,100,NA,24.8,88.85704783,51.49110099,7.184821588,48.50889901,26286163,56.062,5.131
Mozambique,MOZ,2015,YR2015,0.239883238,589.8590281,NA,1133,NA,100,NA,24,86.40050892,51.75360513,7.184821588,48.24639487,27042002,57.206,5.062
Mozambique,MOZ,2016,YR2016,0.285402032,428.926488,NA,1180,NA,100,NA,26.2693119,NA,52.1499911,7.184821588,47.8500089,27829942,58.309,4.992
Mozambique,MOZ,2017,YR2017,NA,461.4150941,NA,1835,NA,100,NA,24.3,NA,52.43190315,7.184821588,47.56809685,28649007,59.309,4.922
Mozambique,MOZ,2018,YR2018,NA,503.3187272,NA,127,NA,NA,NA,31.1,NA,52.66389277,7.184821588,47.33610723,29495962,60.163,4.852
Mozambique,MOZ,2019,YR2019,NA,503.5707727,NA,NA,NA,NA,NA,29.61616135,NA,NA,NA,NA,30366036,60.854,4.783
Mozambique,MOZ,2020,YR2020,NA,NA,NA,NA,NA,NA,NA,NA,NA,NA,NA,NA,NA,NA,NA
Niger,NER,2011,YR2011,0.077776196,512.5956046,31.5,85,11342.11903,100,6790.4825,14.3,77.27095453,35.1164443,12.31546538,0.940617352,17114761,58.081,7.429
Niger,NER,2012,YR2012,0.099118183,529.744994,NA,100,11460.91583,100,6857.715,14.4,72.74666524,35.35328018,12.55230126,0.930812347,17795191,58.79,7.376
Niger,NER,2013,YR2013,0.102454219,552.5700945,NA,200,NA,100,NA,15.16402817,78.73374228,36.0637878,13.26280887,0.921007342,18504255,59.455,7.314
Niger,NER,2014,YR2014,0.106730938,564.5974824,34.3,329,NA,100,NA,15.76677132,78.14143846,36.0637878,13.26280887,0.911202337,19240157,60.07,7.245
Niger,NER,2015,YR2015,0.10138412,484.2386326,NA,300,NA,100,NA,16.6,78.93982752,36.07562959,13.26280887,0.901397332,20001663,60.631,7.169
Niger,NER,2016,YR2016,0.097016004,498.1041639,NA,300,NA,100,NA,17.22759056,NA,36.62824663,13.81542591,0.891592327,20788838,61.137,7.087
Niger,NER,2017,YR2017,NA,517.9750301,NA,350,NA,100,NA,17.90511894,NA,36.78850557,13.97331649,0.881787321,21602472,61.599,7.001
Niger,NER,2018,YR2018,NA,572.4271543,NA,350,NA,NA,NA,17.6,NA,36.78850557,13.97331649,0.871982316,22442948,62.024,6.913
Niger,NER,2019,YR2019,NA,553.8950504,NA,NA,NA,NA,NA,18.77472496,NA,NA,NA,NA,23310715,62.42,6.824
Niger,NER,2020,YR2020,NA,NA,NA,NA,NA,NA,NA,NA,NA,NA,NA,NA,NA,NA,NA
Rwanda,RWA,2011,YR2011,0.064481265,668.8689634,NA,265.3300171,6620.246701,100,2912.7592,10.8,89.64481259,73.62950953,46.26834212,10.78232671,10293331,64.523,4.412
Rwanda,RWA,2012,YR2012,0.070213897,725.6276813,NA,505.980011,6689.948897,100,2941.5984,17.5,88.78529096,73.60072963,46.64491285,10.82286178,10549678,65.438,4.322
Rwanda,RWA,2013,YR2013,0.07563592,723.2583128,45.1,1165.199951,NA,100,NA,15.2,88.47424848,74.68585326,47.9327118,10.86339684,10811543,66.219,4.251
Rwanda,RWA,2014,YR2014,0.07642592,743.9947582,NA,1504,NA,100,NA,19.8,88.18130377,73.34819619,46.59505472,10.9039319,11083635,66.884,4.197
Rwanda,RWA,2015,YR2015,0.084505937,751.6393697,NA,1620.199951,NA,100,NA,22.8,86.65537429,73.43737333,46.68423186,10.94446696,11369071,67.45,4.157
Rwanda,RWA,2016,YR2016,0.095533926,745.3427516,43.7,1580,NA,100,NA,29.37,NA,73.43737333,46.68423186,11.02553709,11668818,67.93,4.123
Rwanda,RWA,2017,YR2017,NA,772.3184718,NA,3357,NA,100,NA,34.1,NA,73.43737333,46.68423186,11.06607215,11980937,68.341,4.088
Rwanda,RWA,2018,YR2018,NA,783.2871842,NA,5128,NA,NA,NA,34.74223709,NA,73.43737333,46.68423186,11.10660722,12301939,68.7,4.044
Rwanda,RWA,2019,YR2019,NA,820.0252417,NA,NA,NA,NA,NA,37.78243637,NA,NA,NA,NA,12626950,69.024,3.99
Rwanda,RWA,2020,YR2020,NA,NA,NA,NA,NA,NA,NA,NA,NA,NA,NA,NA,NA,NA,NA
Sierra-Leone,SLE,2011,YR2011,0.136885898,448.3375255,34,75,11731.16616,100,3319.1731,14.2,80.34597479,55.66126351,22.89595456,37.57874758,6563240,50.234,5.06
Sierra-Leone,SLE,2012,YR2012,0.153506825,566.3786569,NA,75,11810.88702,100,3352.0362,16.94552612,78.42975555,53.15392075,20.3886118,37.30545858,6712581,51.018,4.923
Sierra-Leone,SLE,2013,YR2013,0.1736274,716.8353047,NA,75,NA,100,NA,13.5,75.22477528,54.70559712,21.94028817,37.03216958,6863980,51.731,4.793
Sierra-Leone,SLE,2014,YR2014,0.186560088,714.7007124,NA,75,NA,100,NA,18.6472683,73.05428622,54.71044611,21.94513716,36.75888058,7017144,52.372,4.672
Sierra-Leone,SLE,2015,YR2015,0.148788315,588.2284527,NA,85,NA,100,NA,19.52425957,77.66055863,54.71044611,21.94513716,36.48559158,7171914,52.941,4.561
Sierra-Leone,SLE,2016,YR2016,0.149104947,501.4157129,NA,85,NA,100,NA,20.3,NA,54.71044611,21.94513716,36.21224716,7328838,53.444,4.457
Sierra-Leone,SLE,2017,YR2017,NA,499.3807078,NA,85,NA,100,NA,23.4,NA,54.71044611,21.94513716,35.93890274,7488431,53.895,4.359
Sierra-Leone,SLE,2018,YR2018,NA,533.9911843,35.7,85,NA,NA,NA,26.1,NA,54.71044611,21.94513716,35.66555833,7650154,54.309,4.263
Sierra-Leone,SLE,2019,YR2019,NA,527.5336344,NA,NA,NA,NA,NA,22.7,NA,NA,NA,NA,7813215,54.696,4.169
Sierra-Leone,SLE,2020,YR2020,NA,NA,NA,NA,NA,NA,NA,NA,NA,NA,NA,NA,NA,NA,NA
Somalia,SOM,2011,YR2011,0.049480774,NA,NA,NA,21690.26568,100,16046.981,22.50598717,93.64950584,70.18203845,1.594031944,10.63338859,12376302,54.342,6.765
Somalia,SOM,2012,YR2012,0.047872402,NA,NA,NA,21916.32322,100,16205.862,24.14054489,93.89456064,70.17725635,1.594031944,10.51104664,12715510,54.713,6.664
Somalia,SOM,2013,YR2013,0.048280633,NA,NA,NA,NA,100,NA,25.79921341,94.23044997,70.33665955,1.753435139,10.38870469,13063706,55.104,6.563
Somalia,SOM,2014,YR2014,0.046986287,NA,NA,NA,NA,100,NA,27.47797585,94.42694974,70.33665955,1.753435139,10.26636274,13423576,55.509,6.462
Somalia,SOM,2015,YR2015,0.04571391,NA,NA,NA,NA,100,NA,29.17281151,94.28596661,70.33665955,1.753435139,10.14402079,13797201,55.92,6.363
Somalia,SOM,2016,YR2016,0.045496236,NA,NA,NA,NA,100,NA,30.87970161,NA,70.33665955,1.753435139,10.02167883,14185613,56.324,6.265
Somalia,SOM,2017,YR2017,NA,NA,36.8,NA,NA,100,NA,32.5946312,NA,70.33665955,1.753435139,9.899336883,14589119,56.709,6.168
Somalia,SOM,2018,YR2018,NA,NA,NA,NA,NA,NA,NA,34.31357574,NA,70.33665955,1.753435139,9.776994931,15008154,57.068,6.072
Somalia,SOM,2019,YR2019,NA,NA,NA,NA,NA,NA,NA,36.0331955,NA,NA,NA,NA,15442905,57.397,5.978
Somalia,SOM,2020,YR2020,NA,NA,NA,NA,NA,NA,NA,NA,NA,NA,NA,NA,NA,NA,NA
South-Sudan,SSD,2011,YR2011,NA,1516.403915,NA,NA,NA,100,NA,2.689738274,NA,45.14901071,NA,11.32475396,9830698,55.325,5.286
South-Sudan,SSD,2012,YR2012,0.13161632,1179.739828,NA,20,NA,100,NA,3.137244701,30.19682128,45.14934691,NA,11.32483829,10113647,55.791,5.197
South-Sudan,SSD,2013,YR2013,0.139880248,1779.469334,NA,20,NA,100,NA,3.6088624,29.70165497,45.14941471,NA,11.32485529,10355036,56.2,5.108
South-Sudan,SSD,2014,YR2014,0.145569875,1322.820239,NA,20,NA,100,NA,4.100572586,29.82963329,45.1505248,NA,11.32513374,10554883,56.552,5.022
South-Sudan,SSD,2015,YR2015,0.181371037,1119.651333,NA,20,NA,100,NA,4.60835743,39.07438432,45.15052473,NA,11.32513372,10715658,56.855,4.937
South-Sudan,SSD,2016,YR2016,0.159441965,NA,44.1,20,NA,100,NA,5.128197193,NA,45.15139038,NA,11.32535085,10832512,57.12,4.855
South-Sudan,SSD,2017,YR2017,NA,NA,NA,20,NA,100,NA,4.2,NA,45.1514634,NA,11.32536917,10910759,57.365,4.775
South-Sudan,SSD,2018,YR2018,NA,NA,NA,20,NA,NA,NA,6.187970161,NA,45.15260353,NA,11.32565515,10975920,57.604,4.696
South-Sudan,SSD,2019,YR2019,NA,NA,NA,NA,NA,NA,NA,6.720535278,NA,NA,NA,NA,11062113,57.846,4.619
South-Sudan,SSD,2020,YR2020,NA,NA,NA,NA,NA,NA,NA,NA,NA,NA,NA,NA,NA,NA,NA
Sudan,SDN,2011,YR2011,0.442948552,1437.773295,NA,2000,489798.2133,100,95585.087,39.85937881,63.97146086,36.88346881,10.74155403,10.76413572,35349681,63.171,4.824
Sudan,SDN,2012,YR2012,0.40455376,1457.894582,NA,7500,491982.2665,100,96531.474,41.60363388,59.81755319,36.88109748,10.73698276,10.66988676,36193783,63.542,4.771
Sudan,SDN,2013,YR2013,0.417417739,1557.22831,NA,6500,NA,100,NA,43.32481003,61.30915496,36.87431814,10.72790846,10.57567675,37072550,63.875,4.715
Sudan,SDN,2014,YR2014,0.417028724,1709.999605,34.2,6000,NA,100,NA,44.9,62.43602847,36.87034987,10.71899114,10.48162009,37977655,64.169,4.656
Sudan,SDN,2015,YR2015,0.509382142,1909.738755,NA,7000,NA,100,NA,46.92499542,61.59674748,36.87031418,10.71898076,10.3873888,38902950,64.429,4.594
Sudan,SDN,2016,YR2016,0.501909734,1299.261195,NA,6000,NA,100,NA,48.83090973,NA,36.87252741,10.71962419,10.30054938,39847440,64.663,4.532
Sudan,SDN,2017,YR2017,NA,1111.868449,NA,9000,NA,100,NA,50.65546417,NA,36.87255229,10.71963143,10.20745857,40813396,64.881,4.469
Sudan,SDN,2018,YR2018,NA,623.8672524,NA,10000,NA,NA,NA,52.29756546,NA,36.87265674,10.71966179,10.11438946,41801533,65.095,4.407
Sudan,SDN,2019,YR2019,NA,441.5056034,NA,NA,NA,NA,NA,53.82707214,NA,NA,NA,NA,42813238,65.311,4.347
Sudan,SDN,2020,YR2020,NA,NA,NA,NA,NA,NA,NA,NA,NA,NA,NA,NA,NA,NA,NA
Syrian-Arab-Republic,SYR,2011,YR2011,2.69924891,NA,NA,7500,75181.26226,100,12657.522,91.59918213,1.903355508,75.77737842,25.3880085,2.712410826,21082966,71.27,3.29
Syrian-Arab-Republic,SYR,2012,YR2012,2.188087381,NA,NA,6200,77118.71186,100,12782.844,90.84231567,2.519695713,75.81005282,25.4043457,2.745085226,20442541,70.55,3.181
Syrian-Arab-Republic,SYR,2013,YR2013,1.860624448,NA,NA,4000,NA,100,NA,90.13881683,2.8582156,75.81005282,25.3880085,2.777759625,19584274,70.049,3.085
Syrian-Arab-Republic,SYR,2014,YR2014,1.640539063,NA,NA,3000,NA,100,NA,89.97625732,2.353229564,75.81005282,25.3880085,2.810434025,18715672,69.821,3.005
Syrian-Arab-Republic,SYR,2015,YR2015,1.627771232,NA,NA,2500,NA,100,NA,89.82977295,0.521155172,75.81005282,25.3880085,2.843108425,17997408,69.908,2.94
Syrian-Arab-Republic,SYR,2016,YR2016,1.651774073,NA,NA,2500,NA,100,NA,89.69534302,NA,75.81005282,25.3880085,2.843108425,17453933,70.315,2.889
Syrian-Arab-Republic,SYR,2017,YR2017,NA,NA,NA,2350,NA,100,NA,89.56895447,NA,75.81005282,25.3880085,2.843108425,17068002,70.967,2.847
Syrian-Arab-Republic,SYR,2018,YR2018,NA,NA,NA,2350,NA,NA,NA,86,NA,75.81005282,25.3880085,2.843108425,16906283,71.779,2.808
Syrian-Arab-Republic,SYR,2019,YR2019,NA,NA,NA,NA,NA,NA,NA,89.32488251,NA,NA,NA,NA,17070135,72.697,2.771
Syrian-Arab-Republic,SYR,2020,YR2020,NA,NA,NA,NA,NA,NA,NA,NA,NA,NA,NA,NA,NA,NA,NA
Tajikistan,TJK,2011,YR2011,0.304888204,847.3821018,NA,537,15285.81981,100,5175.172305,98.68946075,59.98027752,33.95827379,5.310088597,2.946270363,7697510,69.055,3.603
Tajikistan,TJK,2012,YR2012,0.37206278,969.2964731,NA,274.7999878,15364.57529,100,5407.57461,99.1,55.07985483,33.93112318,5.277222063,2.963132324,7874835,69.34,3.608
Tajikistan,TJK,2013,YR2013,0.3612508,1048.227293,NA,403.8999939,NA,100,NA,98.83737183,57.9210513,33.91111746,5.251500429,2.979994284,8059769,69.609,3.615
Tajikistan,TJK,2014,YR2014,0.559858657,1104.171689,NA,443.6000061,NA,100,NA,98.94347382,45.75639236,34.16554984,5.25773493,3.022206851,8252833,69.874,3.621
Tajikistan,TJK,2015,YR2015,0.592079302,929.0958572,34,450,NA,100,NA,98,44.65920392,34.14006773,5.211470567,3.039123856,8454028,70.137,3.623
Tajikistan,TJK,2016,YR2016,0.612889431,802.5180041,NA,439,NA,100,NA,99.19988251,NA,34.1054831,5.148065423,3.039123856,8663579,70.397,3.618
Tajikistan,TJK,2017,YR2017,NA,806.0415731,NA,475,NA,100,NA,99.3,NA,34.15303696,5.166798761,3.039123856,8880268,70.647,3.606
Tajikistan,TJK,2018,YR2018,NA,826.6215305,NA,480,NA,NA,NA,99.3,NA,34.06369335,5.056560271,3.039123856,9100837,70.879,3.585
Tajikistan,TJK,2019,YR2019,NA,870.7875893,NA,NA,NA,NA,NA,99.63539124,NA,NA,NA,NA,9321018,71.097,3.556
Tajikistan,TJK,2020,YR2020,NA,NA,NA,NA,NA,NA,NA,NA,NA,NA,NA,NA,NA,NA,NA
Togo,TGO,2011,YR2011,0.375820713,587.0971368,46,20,22760.63862,100,5290.2891,39.7,69.15686118,67.38371024,45.22890237,22.72311087,6595943,58.092,4.798
Togo,TGO,2012,YR2012,0.355666909,571.8067239,NA,20,22931.85549,100,5342.6682,38.97059631,72.73741885,70.78507079,48.72219158,22.6686891,6773807,58.661,4.727
Togo,TGO,2013,YR2013,0.36803288,621.3988536,NA,23,NA,100,NA,40.80187988,72.3995414,70.2334988,48.72219158,22.61426733,6954721,59.16,4.656
Togo,TGO,2014,YR2014,0.362693064,640.9342196,NA,25,NA,100,NA,45.7,72.1615066,70.2334988,48.72219158,22.55984556,7137997,59.58,4.585
Togo,TGO,2015,YR2015,0.360032243,570.910279,43.1,58,NA,100,NA,44.74192047,71.26466714,70.2334988,48.72219158,22.50542379,7323158,59.927,4.516
Togo,TGO,2016,YR2016,0.399417466,597.4710888,NA,98,NA,100,NA,46.84999847,NA,70.2334988,48.72219158,22.45100202,7509952,60.22,4.449
Togo,TGO,2017,YR2017,NA,626.0915279,NA,132,NA,100,NA,48,NA,70.2334988,48.72219158,22.39658025,7698475,60.489,4.384
Togo,TGO,2018,YR2018,NA,679.9727606,NA,290,NA,NA,NA,50,NA,70.2334988,48.72219158,22.34215849,7889094,60.76,4.32
Togo,TGO,2019,YR2019,NA,679.2902491,NA,NA,NA,NA,NA,52.44109726,NA,NA,NA,NA,8082366,61.042,4.259
Togo,TGO,2020,YR2020,NA,NA,NA,NA,NA,NA,NA,NA,NA,NA,NA,NA,NA,NA,NA
Uganda,UGA,2011,YR2011,0.127392876,829.0103449,NA,85712.70313,80318.96825,100,20953.359,14.6,91.09121326,71.63873928,34.16118093,13.51071215,33476919,58.087,5.983
Uganda,UGA,2012,YR2012,0.118310285,786.7280528,41,95906,80725.08492,100,21160.818,20.37479401,91.26617591,71.88809096,34.41053262,13.30498703,34559168,59.017,5.845
Uganda,UGA,2013,YR2013,0.123482382,806.5955214,NA,98063,NA,100,NA,13.9,90.75016556,71.88809096,34.41053262,13.09926192,35695246,59.881,5.699
Uganda,UGA,2014,YR2014,0.129345873,879.7202333,NA,111023,NA,100,NA,20.4,90.22213006,71.88809096,34.41053262,12.8935368,36912148,60.669,5.547
Uganda,UGA,2015,YR2015,0.139771241,843.6294158,NA,117590,NA,100,NA,18.5,89.05794898,71.88809096,34.41053262,12.68781169,38225453,61.373,5.394
Uganda,UGA,2016,YR2016,0.143267095,733.4312512,42.8,118051.2031,NA,100,NA,26.7,NA,71.88809096,34.41053262,12.48209655,39647506,61.986,5.242
Uganda,UGA,2017,YR2017,NA,747.1969074,NA,112343.6016,NA,100,NA,32.72455978,NA,71.88809096,34.41053262,12.27638141,41162465,62.516,5.095
Uganda,UGA,2018,YR2018,NA,770.4524533,NA,103737,NA,NA,NA,42.7,NA,71.88809096,34.41053262,12.07066627,42723139,62.973,4.955
Uganda,UGA,2019,YR2019,NA,794.3410779,NA,NA,NA,NA,NA,41.3,NA,NA,NA,NA,44269594,63.368,4.824
Uganda,UGA,2020,YR2020,NA,NA,NA,NA,NA,NA,NA,NA,NA,NA,NA,NA,NA,NA,NA
Yemen-Rep,YEM,2011,YR2011,0.865783086,1374.621285,NA,150,39949.08216,100,8852.2763,61.88527298,1.139321803,44.41919048,2.198988579,1.039831809,23807588,65.768,4.554
Yemen-Rep,YEM,2012,YR2012,0.764021452,1446.536354,NA,100,40924.62769,100,8939.9226,52.41,1.332788126,44.51199879,2.2804326,1.039831809,24473178,65.92,4.439
Yemen-Rep,YEM,2013,YR2013,1.013754066,1607.152365,NA,NA,NA,100,NA,75.6,0.93193693,44.50821069,2.274750459,1.039831809,25147109,66.016,4.326
Yemen-Rep,YEM,2014,YR2014,0.955250966,1673.146354,36.7,0,NA,100,NA,66.1,0.974200975,44.41843287,2.184972631,1.039831809,25823485,66.066,4.214
Yemen-Rep,YEM,2015,YR2015,0.49709107,1602.037841,NA,0,NA,100,NA,67.39666748,2.276416687,44.38244597,2.154667879,1.039831809,26497889,66.085,4.103
Yemen-Rep,YEM,2016,YR2016,0.390479572,1138.682995,NA,0,NA,100,NA,68.9187088,NA,44.29380457,2.075496714,1.039831809,27168210,66.087,3.994
Yemen-Rep,YEM,2017,YR2017,NA,960.5285337,NA,0,NA,100,NA,79.2,NA,44.29740326,2.079095403,1.039831809,27834821,66.086,3.89
Yemen-Rep,YEM,2018,YR2018,NA,824.1176287,NA,0,NA,NA,NA,62,NA,44.29740326,2.079095403,1.039831809,28498687,66.096,3.792
Yemen-Rep,YEM,2019,YR2019,NA,774.3344898,NA,NA,NA,NA,NA,72.75170135,NA,NA,NA,NA,29161922,66.125,3.7
Yemen-Rep,YEM,2020,YR2020,NA,NA,NA,NA,NA,NA,NA,NA,NA,NA,NA,NA,NA,NA,NA
